Enemy,HP,MP,Attack,Defense,Magic,Speed,Level,Gold,EXP,Food1,Chance,Food2,chance,Food3,Chance,,,,,,,,,,,,,,,,
Mimit4,30,0,26,10,0,13,6,30,22,Mimit00,0,Mimit01,0,Mimit02,0,,,,,,,,,,,,,,,,
Slime0,10,0,7,7,0,6,1,0,9,Slime00,100,Slime01,0,Slime02,0,,,,,,,,,,,,,,,,
Butterfly0,11,0,10,9,0,11,1,5,2,Butterfly00,45,Butterfly01,5,Butterfly02,0,,,,,,,,,,,,,,,,
Butterfly0_1,18,0,12,9,14,6,1,5,2,Butterfly00,45,Butterfly01,5,Butterfly02,0,,,,,,,,,,,,,,,,
Butterfly0_2,18,0,12,9,14,6,1,5,2,Butterfly00,45,Butterfly01,5,Butterfly02,0,,,,,,,,,,,,,,,,
Goblin0,25,0,15,5,0,6,1,8,2,Goblin00,45,Goblin01,5,Goblin02,0,,,,,,,,,,,,,,,,
Goblin0_Dish,25,0,15,6,0,8,1,8,2,Goblin00,100,Goblin01,0,Goblin02,0,,,,,,,,,,,,,,,,
Mushroom0,34,0,23,12,1,0,13,2,12,5,Mushroom00,45,Mushroom01,5,Mushroom02,0,,,,,,,,,,,,,,,
Cloud0,23,0,4,2,9999,8,2,26,6,Cloud00,45,Cloud01,5,Cloud02,0,,,,,,,,,,,,,,,,
Mimit0,75,0,50,18,0,100,1,500,0,Mimit00,0,Mimit01,0,Mimit02,0,,,,,,,,,,,,,,,,
Rock1,68,0,19,10,0,11,7,0,35,Rock00,0,Rock01,80,Rock02,20,,,,,,,,,,,,,,,,
Butterfly4,35,0,15,10,0,6,7,0,10,Butterfly00,0,Butterfly01,80,Butterfly02,20,,,,,,,,,,,,,,,,
Devil6,230,0,33,18,14,18,7,0,40,Devil00,0,Devil01,80,Devil02,20,,,,,,,,,,,,,,,,
Mouse2,70,0,19,10,0,17,0,10,Mouse00,0,Mouse01,80,Mouse02,20,,,,,,,,,,,,,,,,,
Banshee0,45,0,30,18,0,15,4,38,16,Banshee00,45,Banshee01,5,Banshee02,0,,,,,,,,,,,,,,,,
Mole0,50,0,38,10,0,18,4,40,20,Mole00,45,Mole01,5,Mole02,0,,,,,,,,,,,,,,,,
Butterfly1,54,0,35,20,22,17,5,65,25,Butterfly00,45,Butterfly01,5,Butterfly02,0,,,,,,,,,,,,,,,,
Golem0,530,0,53,28,0,9,9,0,100,Golem00,0,Golem01,80,Golem02,20,,,,,,,,,,,,,,,,
Rock0,55,0,40,37,0,2,5,110,45,Rock00,45,Rock01,5,Rock02,0,,,,,,,,,,,,,,,,
Cloud1,75,0,50,19,23,11,5,126,32,Cloud00,45,Cloud01,5,Cloud02,0,,,,,,,,,,,,,,,,
Griffon0,370,0,52,15,0,12,8,170,120,Griffon00,10,Griffon01,40,Griffon02,0,,,,,,,,,,,,,,,,
Griffon0_Boss,530,0,58,23,0,10,8,0,120,Griffon00,0,Griffon01,80,Griffon02,20,,,,,,,,,,,,,,,,
EatPlant0,80,0,47,25,0,24,9,144,58,EatPlant00,30,EatPlant01,20,EatPlant02,5,,,,,,,,,,,,,,,,
Devil0,90,0,60,25,0,25,6,140,65,Devil00,45,Devil01,5,Devil02,0,,,,,,,,,,,,,,,,
Devil1_Boss,540,0,70,22,0,19,11,0,120,Devil00,0,Devil01,80,Devil02,20,,,,,,,,,,,,,,,,
GoblinMagic,65,0,53,25,25,13,7,153,72,Goblin00,45,Goblin01,5,Goblin02,0,,,,,,,,,,,,,,,,
Gorilla0,630,0,62,37,20,15,13,0,500,Gorilla00,0,Gorilla01,0,Gorilla02,100,,,,,,,,,,,,,,,,
Slime1,17,0,20,5,0,10,3,10,20,Slime00,13,Slime01,1,Slime02,0,,,,,,,,,,,,,,,,
Cactus0,21,0,16,7,0,20,2,13,13,Cactus00,45,Cactus01,5,Cactus02,0,,,,,,,,,,,,,,,,
Scorpion0,14,0,18,9,0,10,1,15,4,Scorpion00,45,Scorpion01,5,Scorpion02,0,,,,,,,,,,,,,,,,
Mural0,35,0,19,8,0,10,3,30,15,Hieroglyph00,45,Hieroglyph01,5,Hieroglyph02,0,,,,,,,,,,,,,,,,
Mural1,40,0,19,8,0,10,4,18,20,Hieroglyph00,45,Hieroglyph01,5,Hieroglyph02,0,,,,,,,,,,,,,,,,
Mole1,85,0,45,12,0,20,5,55,18,Mole00,45,Mole01,5,Mole02,0,,,,,,,,,,,,,,,,
Mimit7,75,0,43,29,0,100,11,0,0,Mimit00,60,Mimit01,30,Mimit02,10,,,,,,,,,,,,,,,,
Cobra1,50,0,28,13,0,15,4,30,30,Cobra00,45,Cobra01,5,Cobra02,0,,,,,,,,,,,,,,,,
Fossil0,50,30,26,12,0,17,5,45,20,Hieroglyph00,45,Hieroglyph01,5,Hieroglyph02,0,,,,,,,,,,,,,,,,
Fossil1,69,0,35,18,0,20,5,65,25,Hieroglyph00,45,Hieroglyph01,5,Hieroglyph02,0,,,,,,,,,,,,,,,,
GoblinRed,50,0,31,16,0,22,4,25,24,Goblin00,45,Goblin01,5,Goblin02,0,,,,,,,,,,,,,,,,
Minotaur0,460,35,55,22,21,20,10,300,250,Minotaur00,10,Minotaur01,40,Minotaur02,0,,,,,,,,,,,,,,,,
Minotaur0_Boss,320,0,35,20,16,16,10,0,250,Minotaur00,0,Minotaur01,80,Minotaur02,20,,,,,,,,,,,,,,,,
Scorpion1,50,0,45,23,0,12,1,85,26,Scorpion00,45,Scorpion01,5,Scorpion02,0,,,,,,,,,,,,,,,,
Hieroglyph0,45,0,40,20,100,35,7,120,25,Hieroglyph00,45,Hieroglyph01,5,Hieroglyph02,0,,,,,,,,,,,,,,,,
Mummy0,90,0,35,24,9,27,10,80,41,Mummy00,45,Mummy01,5,Mummy02,0,,,,,,,,,,,,,,,,
Painting0,420,0,53,29,15,30,9,100,300,Painting00,0,Painting01,80,Painting02,20,,,,,,,,,,,,,,,,
Cobra2,70,0,42,10,24,0,10,160,45,Cobra00,45,Cobra01,5,Cobra02,0,,,,,,,,,,,,,,,,
Rock2,90,0,52,24,0,24,8,103,42,Rock00,45,Rock01,5,Rock02,0,,,,,,,,,,,,,,,,
Shield0,480,0,40,28,0,14,10,0,150,Shield00,0,Shield01,80,Shield02,20,,,,,,,,,,,,,,,,
Sword0,420,0,55,23,0,14,10,0,150,Sword00,0,Sword01,80,Sword02,20,,,,,,,,,,,,,,,,
Pharaoh0,1090,0,64,40,0,16,13,0,500,Pharaoh00,0,Pharaoh01,0,Pharaoh02,100,,,,,,,,,,,,,,,,
Cactus2,69,0,36,24,0,13,8,98,40,Cactus00,45,Cactus01,5,Cactus02,0,,,,,,,,,,,,,,,,
EatPlant1,55,0,40,24,0,22,8,150,42,EatPlant00,30,EatPlant01,20,EatPlant02,5,,,,,,,,,,,,,,,,
Cobra0,470,0,45,17,0,20,8,0,400,Cobra00,0,Cobra01,0,Cobra02,100,,,,,,,,,,,,,,,,
Painting1,420,0,43,19,12,10,11,0,300,Painting00,0,Painting01,80,Painting02,20,,,,,,,,,,,,,,,,
Golem3,300,0,62,22,0,12,7,75,70,Golem00,45,Golem01,5,Golem02,0,,,,,,,,,,,,,,,,
Butterfly5,21,0,20,8,0,15,1,4,15,Butterfly00,15,Butterfly01,1,Butterfly02,0,,,,,,,,,,,,,,,,
Fossil3,26,0,20,12,0,5,3,8,18,Hieroglyph00,15,Hieroglyph01,1,Hieroglyph02,0,,,,,,,,,,,,,,,,
Fluff2,16,0,19,10,0,15,1,8,3,Fluff00,45,Fluff01,5,Fluff02,0,,,,,,,,,,,,,,,,
Turkey0,14,0,22,7,0,12,1,12,4,Turkey00,45,Turkey01,5,Turkey02,0,,,,,,,,,,,,,,,,
Tomato2,25,0,16,9,0,20,2,24,7,Tomato00,45,Tomato01,5,Tomato02,0,,,,,,,,,,,,,,,,
GoblinFairy,20,0,18,9,0,20,3,30,12,Goblin00,45,Goblin01,5,Goblin02,0,,,,,,,,,,,,,,,,
Spider1,40,0,38,10,0,22,4,26,14,Spider00,45,Spider01,5,Spider02,0,,,,,,,,,,,,,,,,
Mushroom1,30,35,12,0,20,5,38,15,Mushroom00,45,Mushroom01,5,Mushroom02,0,,,,,,,,,,,,,,,,,
Fluff1,34,0,26,13,0,20,6,43,23,Fluff00,45,Fluff01,5,Fluff02,0,,,,,,,,,,,,,,,,
Spider0,440,0,60,20,0,26,10,0,200,Spider00,0,Spider01,80,Spider02,20,,,,,,,,,,,,,,,,
Gremlin0,75,0,55,18,20,22,7,110,36,Gremlin00,45,Gremlin01,5,Gremlin02,0,,,,,,,,,,,,,,,,
Banshee2,75,0,50,22,0,30,7,160,32,Banshee00,22,Banshee01,20,Banshee02,3,,,,,,,,,,,,,,,,
EatPlant2,90,0,1,20,0,10000,7,140,34,EatPlant00,30,EatPlant01,20,EatPlant02,5,,,,,,,,,,,,,,,,
Owl0,660,0,66,30,0,20,5,0,150,Owl00,0,Owl01,80,Owl02,20,,,,,,,,,,,,,,,,
Tomato0,450,0,40,20,20,16,8,0,250,Tomato00,0,Tomato01,80,Tomato02,20,,,,,,,,,,,,,,,,
Butterfly2,620,65,18,26,10,10,0,250,Butterfly00,0,Butterfly01,0,Butterfly02,100,,,,,,,,,,,,,,,,,
Slime6,650,0,56,35,0,50,10,0,300,Slime00,0,Slime01,0,Slime02,100,,,,,,,,,,,,,,,,
Fluff0,60,0,50,21,0,25,7,96,48,Fluff00,45,Fluff01,5,Fluff02,0,,,,,,,,,,,,,,,,
Owl1,80,0,53,35,0,10,8,175,53,Owl00,45,Owl01,5,Owl02,0,,,,,,,,,,,,,,,,
Snail0,30,0,30,36,0,5,8,100,72,Snail00,45,Snail01,5,Snail02,0,,,,,,,,,,,,,,,,
Tadpole0,69,0,58,26,0,17,8,150,62,Tadpole00,30,Tadpole01,20,Tadpole02,5,,,,,,,,,,,,,,,,
Frog0,809,0,66,25,33,13,13,0,500,Frog00,0,Frog01,0,Frog02,100,,,,,,,,,,,,,,,,
Devil2,120,0,30,30,10000,10000,6,66,66,Devil00,45,Devil01,5,Devil02,0,,,,,,,,,,,,,,,,
Wind1,65,0,62,28,17,25,7,150,80,Wind00,45,Wind01,5,Wind02,0,,,,,,,,,,,,,,,,
Slime4,400,0,78,35,0,25,6,0,200,Slime00,0,Slime01,0,Slime02,100,,,,,,,,,,,,,,,,
Bomb0,50,0,65,60,85,18,10,155,138,Bomb00,45,Bomb01,5,Bomb02,0,,,,,,,,,,,,,,,,
Cobra3,190,0,64,28,45,40,13,260,180,Cobra00,45,Cobra01,5,Cobra02,0,,,,,,,,,,,,,,,,
Devil3,200,0,69,22,38,36,10,360,220,Devil00,45,Devil01,5,Devil02,0,,,,,,,,,,,,,,,,
Griffon2,180,0,79,21,20,35,10,280,162,Griffon00,45,Griffon01,5,Griffon02,0,,,,,,,,,,,,,,,,
IronBall0,170,0,85,32,0,50,9,190,126,IronBall00,45,IronBall01,5,IronBall02,0,,,,,,,,,,,,,,,,
Mummy1,100,0,69,22,41,6,7,145,110,Mummy00,45,Mummy01,5,Mummy02,0,,,,,,,,,,,,,,,,
Skeleton0,75,0,69,40,0,6,9,120,103,Skeleton00,45,Skeleton01,5,Skeleton02,0,,,,,,,,,,,,,,,,
Wind2,180,0,62,22,46,25,12,180,155,Wind00,45,Wind01,5,Wind02,0,,,,,,,,,,,,,,,,
Armor0,1100,0,74,56,0,18,10,0,500,Armor00,0,Armor01,0,Armor02,100,,,,,,,,,,,,,,,,
Cerberus0,1480,0,85,37,37,38,13,0,700,Cerberus00,0,Cerberus01,0,Cerberus02,100,,,,,,,,,,,,,,,,
Cloud2,800,0,70,30,27,22,9,0,500,Cloud00,0,Cloud01,0,Cloud02,100,,,,,,,,,,,,,,,,
Demon0,1230,0,83,36,0,30,10,0,900,Demon00,0,Demon01,0,Demon02,100,,,,,,,,,,,,,,,,
Dragon0,1400,0,74,45,26,29,35,0,1200,Dragon00,0,Dragon01,45,Dragon02,0,,,,,,,,,,,,,,,,
Dragon0Demo0,320,0,66,25,14,28,13,0,1200,Dragon00,0,Dragon01,0,Dragon02,0,,,,,,,,,,,,,,,,
Golem4,690,0,73,32,16,15,10,0,600,Golem00,0,Golem01,80,Golem02,20,,,,,,,,,,,,,,,,
Minotaur1,275,0,78,36,32,33,14,0,320,Minotaur00,45,Minotaur01,5,Minotaur02,0,,,,,,,,,,,,,,,,
Painting4,1000,0,76,34,23,26,12,0,900,Painting00,0,Painting01,80,Painting02,20,,,,,,,,,,,,,,,,
Satan0,2300,0,103,37,36,28,18,0,2000,Satan00,0,Satan01,0,Satan02,100,,,,,,,,,,,,,,,,
Shield1,280,0,52,56,0,12,10,0,350,Shield00,0,Shield01,0,Shield02,100,,,,,,,,,,,,,,,,
Sword1,210,0,75,26,0,12,10,0,350,Sword00,0,Sword01,0,Sword02,100,,,,,,,,,,,,,,,,
Devil1,160,0,72,27,0,20,5,140,180,Devil00,45,Devil01,5,Devil02,0,,,,,,,,,,,,,,,,
Mimit1,5,0,90,10000,10000,100,1,0,2000,Mimit00,0,Mimit01,0,Mimit02,0,,,,,,,,,,,,,,,,
Devil5,110,0,90,35,0,15,10,0,220,Devil00,45,Devil01,5,Devil02,0,,,,,,,,,,,,,,,,
Butterfly6,22,0,40,18,0,30,10,200,32,Butterfly00,15,Butterfly01,1,Butterfly02,0,,,,,,,,,,,,,,,,
Bread1,85,0,70,20,0,24,14,280,380,Bread00,45,Bread01,5,Bread02,0,,,,,,,,,,,,,,,,
Mimit3,15,0,150,10000,10000,100,1,0,20000,Mimit00,0,Mimit01,0,Mimit02,0,,,,,,,,,,,,,,,,
Mushroom2,105,0,68,28,0,29,14,320,300,Mushroom00,22,Mushroom01,20,Mushroom02,3,,,,,,,,,,,,,,,,
Nose0,180,0,99,35,40,30,14,300,420,Nose00,45,Nose01,5,Nose02,0,,,,,,,,,,,,,,,,
Penguin0,140,0,89,40,0,30,14,330,330,Penguin00,45,Penguin01,5,Penguin02,0,,,,,,,,,,,,,,,,
Banshee1,200,0,100,42,48,40,14,280,360,Banshee00,45,Banshee01,5,Banshee02,0,,,,,,,,,,,,,,,,
Snowman0,150,0,80,42,0,30,14,300,370,Snowman00,45,Snowman01,5,Snowman02,0,,,,,,,,,,,,,,,,
Mole2,480,0,155,95,0,58,28,320,1360,Mole00,22,Mole01,20,Mole02,3,,,,,,,,,,,,,,,,
Crystal0,220,0,113,110,0,52,28,450,1080,Crystal00,45,Crystal01,5,Crystal02,0,,,,,,,,,,,,,,,,
Yeti0,1800,0,120,30,35,28,16,0,1500,Gorilla00,0,Gorilla01,0,Gorilla02,100,,,,,,,,,,,,,,,,
Skeleton1,170,0,105,40,0,40,16,260,520,Skeleton00,45,Skeleton01,5,Skeleton02,0,,,,,,,,,,,,,,,,
Cactus1,260,0,100,35,0,38,18,235,330,Cactus00,22,Cactus01,20,Cactus02,3,,,,,,,,,,,,,,,,
Hieroglyph1,180,0,115,45,0,40,18,300,280,Hieroglyph00,45,Hieroglyph01,5,Hieroglyph02,0,,,,,,,,,,,,,,,,
Slime5,180,,102,30,0,30,14,330,450,Slime00,45,Slime01,5,Slime02,0,,,,,,,,,,,,,,,,
Hammer0,230,0,130,28,45,50,18,240,440,Hammer00,45,Hammer01,5,Hammer02,0,,,,,,,,,,,,,,,,
Armor1,280,0,140,80,0,32,15,320,390,Armor00,45,Armor01,5,Armor02,0,,,,,,,,,,,,,,,,
Dog0,1800,0,130,52,150,40,19,0,1680,Dog00,0,Dog01,0,Dog02,100,,,,,,,,,,,,,,,,
Cloud3,260,0,100,40,25,13,16,440,390,Cloud00,45,Cloud01,5,Cloud02,0,,,,,,,,,,,,,,,,
GoblinRobot,160,0,100,40,0,43,16,380,480,Goblin00,22,Goblin01,20,Goblin02,3,,,,,,,,,,,,,,,,
Lizardman0,240,0,125,45,46,46,16,555,450,Lizardman00,45,Lizardman01,5,Lizardman02,0,,,,,,,,,,,,,,,,
Penguin1,199,0,120,50,0,48,21,0,670,Penguin00,45,Penguin01,5,Penguin02,0,,,,,,,,,,,,,,,,
Robot0,2300,0,135,55,110,40,19,900,1800,Robot00,0,Robot01,0,Robot02,100,,,,,,,,,,,,,,,,
Scorpion2,200,0,120,80,0,49,20,440,680,Scorpion00,22,Scorpion01,20,Scorpion02,3,,,,,,,,,,,,,,,,
Robot1,180,0,114,44,0,34,16,420,410,Robot00,45,Robot01,5,Robot02,0,,,,,,,,,,,,,,,,
Burger0,1500,0,134,65,0,50,18,0,1500,Burger00,0,Burger01,0,Burger02,100,,,,,,,,,,,,,,,,
IceQueen0,2000,0,130,65,39,37,21,0,2200,IceQueen00,0,IceQueen01,80,IceQueen02,20,,,,,,,,,,,,,,,,
Mouse1,900,0,133,69,0,40,19,0,1450,Mouse00,45,Mouse01,5,Mouse02,0,,,,,,,,,,,,,,,,
Puppet0,1100,0,140,55,45,42,19,0,1820,Puppet00,0,Puppet01,0,Puppet02,100,,,,,,,,,,,,,,,,
Ufo1,1900,0,122,55,0,55,19,0,1700,Ufo00,0,Ufo01,0,Ufo02,100,,,,,,,,,,,,,,,,
Slime2,80,0,90,44,0,38,15,80,120,Slime00,13,Slime01,1,Slime02,0,,,,,,,,,,,,,,,,
Alien0,250,0,148,55,0,69,18,850,1100,Alien00,45,Alien01,5,Alien02,0,,,,,,,,,,,,,,,,
Banshee3,240,0,110,65,90,40,17,420,710,Banshee00,45,Banshee01,5,Banshee02,0,,,,,,,,,,,,,,,,
Bomb1,160,0,130,65,50,30,17,505,420,Bomb00,45,Bomb01,5,Bomb02,0,,,,,,,,,,,,,,,,
Butterfly3,220,0,100,35,40,30,17,445,400,Butterfly00,45,Butterfly01,5,Butterfly02,0,,,,,,,,,,,,,,,,
Crystal1,280,0,115,55,0,45,17,550,680,Crystal00,45,Crystal01,5,Crystal02,0,,,,,,,,,,,,,,,,
GoblinSpace,250,0,130,70,0,50,18,480,620,Goblin00,22,Goblin01,20,Goblin02,3,,,,,,,,,,,,,,,,
Gremlin1,240,0,135,45,35,35,17,620,1010,Gremlin00,45,Gremlin01,5,Gremlin02,0,,,,,,,,,,,,,,,,
Medusa0,270,0,112,45,0,55,18,400,860,Medusa00,45,Medusa01,5,Medusa02,0,,,,,,,,,,,,,,,,
Owl2,260,0,132,50,0,55,18,510,640,Owl00,45,Owl01,5,Owl02,0,,,,,,,,,,,,,,,,
Pharaoh1,2600,0,132,60,0,40,26,800,1800,Pharaoh00,0,Pharaoh01,80,Pharaoh02,20,,,,,,,,,,,,,,,,
Rock3,269,0,137,70,0,45,21,630,820,Rock00,45,Rock01,5,Rock02,0,,,,,,,,,,,,,,,,
Satan1,2700,0,125,60,56,30,20,1000,2000,Satan00,0,Satan01,80,Satan02,20,,,,,,,,,,,,,,,,
Serpent0,280,0,135,53,50,32,18,580,1240,Serpent00,45,Serpent01,5,Serpent02,0,,,,,,,,,,,,,,,,
Shield2,200,0,116,61,0,36,19,595,400,Shield00,45,Shield01,5,Shield02,0,,,,,,,,,,,,,,,,
Snail1,240,0,99,69,0,34,17,440,880,Snail00,45,Snail01,5,Snail02,0,,,,,,,,,,,,,,,,
Spider2,242,0,120,40,0,23,17,390,960,Spider00,45,Spider01,5,Spider02,0,,,,,,,,,,,,,,,,
SuperSatanBit0,180,0,145,65,18,60,26,0,0,Satan00,0,Satan01,50,Satan02,50,,,,,,,,,,,,,,,,
SuperSatanCenter0,4100,0,149,47,50,50,26,0,0,Satan00,0,Satan01,0,Satan02,100,,,,,,,,,,,,,,,,
SuperSatanLeft0,1250,0,110,52,28,12,26,0,0,Devil00,45,Devil01,5,Devil02,0,,,,,,,,,,,,,,,,
SuperSatanRight0,1500,0,90,33,40,12,26,0,0,Devil00,45,Devil01,5,Devil02,0,,,,,,,,,,,,,,,,
Sword2,250,0,134,36,45,42,17,760,1150,Sword00,45,Sword01,5,Sword02,0,,,,,,,,,,,,,,,,
Ufo0,225,0,115,52,0,36,40,715,990,Ufo00,45,Ufo01,5,Ufo02,0,,,,,,,,,,,,,,,,
Demon1,300,0,158,46,0,40,17,300,1620,Demon00,45,Demon01,5,Demon02,0,,,,,,,,,,,,,,,,
Devil4,888,0,190,30,10000,10000,6,680,1000,Devil00,45,Devil01,5,Devil02,0,,,,,,,,,,,,,,,,
Mimit2,777,0,240,150,0,60,1,20000,0,Mimit00,0,Mimit01,0,Mimit02,0,,,,,,,,,,,,,,,,
Frog1,1800,0,130,69,52,50,23,0,2000,Frog00,33,Frog01,33,Frog02,34,,,,,,,,,,,,,,,,
Golem5,1450,0,130,70,0,18,20,960,1600,Golem00,0,Golem01,80,Golem02,20,,,,,,,,,,,,,,,,
Gorilla1,1450,0,121,60,42,26,26,800,1800,Gorilla00,0,Gorilla01,80,Gorilla02,20,,,,,,,,,,,,,,,,
Tadpole1,900,0,125,36,0,40,17,0,400,Tadpole00,33,Tadpole01,33,Tadpole02,34,,,,,,,,,,,,,,,,
Fluff6,58,0,88,33,0,24,18,120,220,Fluff00,15,Fluff01,1,Fluff02,0,,,,,,,,,,,,,,,,
Fluff3,300,33,190,75,0,33,26,370,460,Fluff00,45,Fluff01,5,Fluff02,0,,,,,,,,,,,,,,,,
Snail2,300,33,165,130,0,25,26,700,920,Snail00,22,Snail01,20,Snail02,3,,,,,,,,,,,,,,,,
Tadpole3,400,33,220,140,60,33,25,450,850,Tadpole00,30,Tadpole01,20,Tadpole02,5,,,,,,,,,,,,,,,,
Turkey1,350,33,190,120,0,48,25,820,960,Turkey00,45,Turkey01,5,Turkey02,0,,,,,,,,,,,,,,,,
Lizardman1,325,0,160,60,58,70,25,600,1240,Lizardman00,45,Lizardman01,5,Lizardman02,0,,,,,,,,,,,,,,,,
Tadpole2,136,0,125,55,0,26,25,310,1050,Tadpole00,30,Tadpole01,20,Tadpole02,5,,,,,,,,,,,,,,,,
Harpy0,300,0,151,70,0,46,23,150,780,Harpy00,22,Harpy01,20,Harpy02,3,,,,,,,,,,,,,,,,
Excite0,390,0,167,95,0,43,23,195,1020,Excite00,22,Excite01,20,Excite02,3,,,,,,,,,,,,,,,,
Fossil2,209,0,145,168,0,26,23,210,1060,Hieroglyph00,22,Hieroglyph01,20,Hieroglyph02,3,,,,,,,,,,,,,,,,
Painting3,350,0,165,100,0,60,23,225,980,Painting00,22,Painting01,20,Painting02,3,,,,,,,,,,,,,,,,
Dragon1,630,0,174,119,50,24,23,300,1290,Dragon00,22,Dragon01,20,Dragon02,3,,,,,,,,,,,,,,,,
Hieroglyph2,200,0,160,150,0,49,22,510,1210,Hieroglyph00,22,Hieroglyph01,20,Hieroglyph02,3,,,,,,,,,,,,,,,,
Butterfly8,1300,0,132,70,45,50,23,0,6260,Butterfly00,0,Butterfly01,50,Butterfly02,50,,,,,,,,,,,,,,,,
Devil7,1000,0,132,77,60,35,23,0,9400,Devil00,0,Devil01,50,Devil02,50,,,,,,,,,,,,,,,,
IceQueen1_Boss,1800,0,160,89,55,35,23,0,10180,IceQueen00,0,IceQueen01,50,IceQueen02,50,,,,,,,,,,,,,,,,
Owl3,1210,0,129,87,0,42,23,0,8610,Owl00,0,Owl01,50,Owl02,50,,,,,,,,,,,,,,,,
Painting2,1350,0,127,86,37,37,23,0,8610,Painting00,0,Painting01,50,Painting02,50,,,,,,,,,,,,,,,,
Rock4,1150,0,131,107,0,29,23,0,6260,Rock00,0,Rock01,50,Rock02,50,,,,,,,,,,,,,,,,
Shield3,780,0,153,133,0,43,23,0,5480,Shield00,0,Shield01,50,Shield02,50,,,,,,,,,,,,,,,,
Alien1,1800,0,158,85,0,66,27,0,7000,Alien00,0,Alien01,50,Alien02,50,,,,,,,,,,,,,,,,
Mouse0,260,0,123,78,0,40,26,240,455,Mouse00,22,Mouse01,20,Mouse02,3,,,,,,,,,,,,,,,,
Yeti1,970,0,194,90,40,43,26,210,910,Gorilla00,22,Gorilla01,20,Gorilla02,3,,,,,,,,,,,,,,,,
Monitor1,930,0,200,125,73,51,26,300,1220,Monitor00,22,Monitor01,20,Monitor02,3,,,,,,,,,,,,,,,,
Robot2,880,0,201,117,0,50,26,330,1130,Robot00,22,Robot01,20,Robot02,3,,,,,,,,,,,,,,,,
Cerberus1,955,0,190,105,42,62,27,375,1490,Cerberus00,22,Cerberus01,20,Cerberus02,3,,,,,,,,,,,,,,,,
Griffon1,455,0,143,88,45,55,27,390,1400,Griffon00,22,Griffon01,20,Griffon02,3,,,,,,,,,,,,,,,,
Fossil4,99,0,125,84,0,42,27,195,360,Hieroglyph00,7,Hieroglyph01,6,Hieroglyph02,1,,,,,,,,,,,,,,,,
Cobra4,1350,0,157,90,0,61,28,0,9060,Cobra00,0,Cobra01,50,Cobra02,50,,,,,,,,,,,,,,,,
Monitor0,1850,0,151,92,44,47,28,0,11780,Monitor00,0,Monitor01,50,Monitor02,50,,,,,,,,,,,,,,,,
Mouse4,1300,0,154,88,0,71,28,0,10870,Mouse00,0,Mouse01,50,Mouse02,50,,,,,,,,,,,,,,,,
Pharaoh2_Boss,1680,0,162,95,0,50,28,0,9970,Pharaoh00,0,Pharaoh01,50,Pharaoh02,50,,,,,,,,,,,,,,,,
Slime7,1130,0,159,85,0,64,28,0,6340,Slime00,0,Slime01,50,Slime02,50,,,,,,,,,,,,,,,,
Spider3,1500,0,160,90,0,66,28,0,7250,Spider00,0,Spider01,50,Spider02,50,,,,,,,,,,,,,,,,
Sword3,1400,0,157,92,0,55,28,0,8150,Sword00,0,Sword01,50,Sword02,50,,,,,,,,,,,,,,,,
Wind0,2100,0,188,90,0,40,30,0,8000,Wind00,0,Wind01,50,Wind02,50,,,,,,,,,,,,,,,,
Fluff5,550,0,178,101,0,72,29,270,930,Fluff00,22,Fluff01,20,Fluff02,3,,,,,,,,,,,,,,,,
Alien2,878,0,175,108,0,65,30,345,1250,Alien00,22,Alien01,20,Alien02,3,,,,,,,,,,,,,,,,
Dog1,910,0,197,106,169,43,31,375,1160,Dog00,22,Dog01,20,Dog02,3,,,,,,,,,,,,,,,,
Demon2,1020,0,200,110,0,60,32,390,1530,Demon00,22,Demon01,20,Demon02,3,,,,,,,,,,,,,,,,
IceQueen1,1190,0,199,112,93,76,33,435,1440,IceQueen00,22,IceQueen01,20,IceQueen02,3,,,,,,,,,,,,,,,,
Fluff7,320,0,183,107,0,70,34,195,370,Fluff00,7,Fluff01,6,Fluff02,1,,,,,,,,,,,,,,,,
Bread0,1570,0,203,105,0,74,31,0,7420,Bread00,0,Bread01,50,Bread02,50,,,,,,,,,,,,,,,,
Burger1_Boss,1980,0,185,98,0,57,31,0,6490,Burger00,0,Burger01,50,Burger02,50,,,,,,,,,,,,,,,,
Cloud4,2000,0,178,94,85,79,31,0,11120,Cloud00,0,Cloud01,50,Cloud02,50,,,,,,,,,,,,,,,,
Minotaur2,2180,0,190,100,80,55,31,0,12050,Minotaur00,0,Minotaur01,50,Minotaur02,50,,,,,,,,,,,,,,,,
Ufo3,1430,0,205,96,0,62,31,0,10200,Ufo00,0,Ufo01,50,Ufo02,50,,,,,,,,,,,,,,,,
Wind3,1440,0,177,101,0,70,31,0,8340,Wind00,0,Wind01,50,Wind02,50,,,,,,,,,,,,,,,,
Hammer1,1950,0,199,92,0,77,32,0,10000,Hammer00,0,Hammer01,50,Hammer02,50,,,,,,,,,,,,,,,,
IronBall1,799,0,179,120,0,80,32,220,1210,IronBall00,22,IronBall01,20,IronBall02,3,,,,,,,,,,,,,,,,
Bomb2,445,0,208,109,100,78,33,260,1630,Bomb00,22,Bomb01,20,Bomb02,3,,,,,,,,,,,,,,,,
Medusa1,879,0,215,130,0,86,34,280,1510,Medusa00,22,Medusa01,20,Medusa02,3,,,,,,,,,,,,,,,,
Armor2,1009,0,220,180,0,88,35,300,1990,Armor00,22,Armor01,20,Armor02,3,,,,,,,,,,,,,,,,
Pharaoh2,1390,30,210,129,0,68,36,380,1870,Pharaoh00,22,Pharaoh01,20,Pharaoh02,3,,,,,,,,,,,,,,,,
Mimit5,240,0,190,102,0,53,27,180,480,Mimit00,0,Mimit01,0,Mimit02,0,,,,,,,,,,,,,,,,
Armor3,1560,0,230,175,0,50,34,0,9660,Armor00,0,Armor01,50,Armor02,50,,,,,,,,,,,,,,,,
Bread3,1400,0,190,109,0,53,34,0,8450,Bread00,0,Bread01,50,Bread02,50,,,,,,,,,,,,,,,,
Demon3,1780,0,186,118,0,60,34,0,13280,Demon00,0,Demon01,50,Demon02,50,,,,,,,,,,,,,,,,
Dragon2_Boss,2230,0,188,120,70,56,34,0,15690,Dragon00,0,Dragon01,50,Dragon02,50,,,,,,,,,,,,,,,,
Golem1,1920,0,238,160,0,50,34,0,10860,Golem00,0,Golem01,50,Golem02,50,,,,,,,,,,,,,,,,
Lizardman2,2250,0,195,127,76,62,34,0,14480,Lizardman00,0,Lizardman01,50,Lizardman02,50,,,,,,,,,,,,,,,,
Burger1,890,0,203,128,0,104,35,340,2200,Burger00,22,Burger01,20,Burger02,3,,,,,,,,,,,,,,,,
Mummy2,970,0,232,111,125,86,36,400,2040,Mummy00,22,Mummy01,20,Mummy02,3,,,,,,,,,,,,,,,,
Puppet1,1400,0,194,99,0,73,36,520,2690,Puppet00,22,Puppet01,20,Puppet02,3,,,,,,,,,,,,,,,,
Snowman1,1350,0,197,102,0,66,37,480,2530,Snowman00,22,Snowman01,20,Snowman02,3,,,,,,,,,,,,,,,,
Slime3,150,0,192,90,0,108,30,240,650,Slime00,7,Slime01,6,Slime02,1,,,,,,,,,,,,,,,,
Gorilla2_Boss,2000,0,212,111,83,84,37,0,21220,Gorilla00,0,Gorilla01,50,Gorilla02,50,,,,,,,,,,,,,,,,
Mouse3,2050,0,199,98,0,98,37,0,17950,Mouse00,0,Mouse01,50,Mouse02,50,,,,,,,,,,,,,,,,
Painting5,2222,0,210,95,85,84,37,0,19580,Painting00,0,Painting01,50,Painting02,50,,,,,,,,,,,,,,,,
Rock5,1850,0,245,135,0,78,37,0,13060,Rock00,0,Rock01,50,Rock02,50,,,,,,,,,,,,,,,,
Slime8,1780,0,207,96,0,88,37,0,11420,Slime00,0,Slime01,50,Slime02,50,,,,,,,,,,,,,,,,
Ufo4,2070,0,205,140,0,73,37,0,14690,Ufo00,0,Ufo01,50,Ufo02,50,,,,,,,,,,,,,,,,
Frog2,2800,0,238,106,110,50,38,0,2400,Frog00,33,Frog01,33,Frog02,34,,,,,,,,,,,,,,,,
Dog2,1030,0,240,126,195,89,38,380,2900,Dog00,22,Dog01,20,Dog02,3,,,,,,,,,,,,,,,,
Fluff4,950,0,220,130,0,120,39,500,2690,Fluff00,22,Fluff01,20,Fluff02,3,,,,,,,,,,,,,,,,
Dragon2,1700,0,214,100,125,62,40,720,3550,Dragon00,22,Dragon01,20,Dragon02,3,,,,,,,,,,,,,,,,
Turkey2,1430,0,203,98,0,89,41,440,3330,Turkey00,22,Turkey01,20,Turkey02,3,,,,,,,,,,,,,,,,
Butterfly7,500,0,214,120,0,105,36,280,860,Butterfly00,7,Butterfly01,6,Butterfly02,1,,,,,,,,,,,,,,,,
Butterfly9,2680,0,250,104,97,90,40,0,23640,Butterfly00,0,Butterfly01,50,Butterfly02,50,,,,,,,,,,,,,,,,
Devil8,2470,0,240,102,130,72,40,0,19340,Devil00,0,Devil01,50,Devil02,50,,,,,,,,,,,,,,,,
IronBall2,2280,0,265,92,0,79,40,0,25790,IronBall00,0,IronBall01,50,IronBall02,50,,,,,,,,,,,,,,,,
Owl4,2880,0,280,100,0,95,40,0,17190,Owl00,0,Owl01,50,Owl02,50,,,,,,,,,,,,,,,,
Serpent2_Boss,4480,0,262,124,170,70,40,0,27940,Serpent00,0,Serpent01,50,Serpent02,50,,,,,,,,,,,,,,,,
Shield4,2360,0,320,209,0,90,40,0,15040,Shield00,0,Shield01,50,Shield02,50,,,,,,,,,,,,,,,,
Nose1,800,0,205,70,95,95,41,375,2180,Nose00,22,Nose01,20,Nose02,3,,,,,,,,,,,,,,,,
Bread2,1099,0,207,132,0,10,42,300,2950,Bread00,22,Bread01,20,Bread02,3,,,,,,,,,,,,,,,,
Hammer2,1272,0,230,103,0,99,43,450,2730,Hammer00,22,Hammer01,20,Hammer02,3,,,,,,,,,,,,,,,,
Gorilla2,2250,0,243,140,148,80,44,525,3600,Gorilla00,22,Gorilla01,20,Gorilla02,3,,,,,,,,,,,,,,,,
Gremlin2,2400,0,220,143,105,75,45,700,3390,Gremlin00,22,Gremlin01,20,Gremlin02,3,,,,,,,,,,,,,,,,
Fossil5,268,0,200,105,0,105,36,275,870,Hieroglyph00,7,Hieroglyph01,6,Hieroglyph02,1,,,,,,,,,,,,,,,,
Golem2,2880,0,328,177,0,77,43,0,50000,Golem00,0,Golem01,50,Golem02,50,,,,,,,,,,,,,,,,
IceQueen2,4000,0,268,100,142,79,43,0,26210,IceQueen00,0,IceQueen01,50,IceQueen02,50,,,,,,,,,,,,,,,,
Monitor4,3650,0,245,99,146,79,43,0,15290,Monitor00,0,Monitor01,50,Monitor02,50,,,,,,,,,,,,,,,,
Mouse5,3250,0,325,98,0,103,43,0,17470,Mouse00,0,Mouse01,50,Mouse02,50,,,,,,,,,,,,,,,,
Robot3_Boss,3690,0,315,127,190,85,43,0,28390,Robot00,0,Robot01,50,Robot02,50,,,,,,,,,,,,,,,,
Spider4,2450,0,299,106,0,88,43,0,19660,Spider00,0,Spider01,50,Spider02,50,,,,,,,,,,,,,,,,
Harpy1,1320,0,233,140,0,95,44,400,3070,Harpy00,22,Harpy01,20,Harpy02,3,,,,,,,,,,,,,,,,
Penguin2,1399,0,258,130,0,96,45,575,2850,Penguin00,22,Penguin01,20,Penguin02,3,,,,,,,,,,,,,,,,
Serpent2,2300,0,262,125,140,87,46,825,3760,Serpent00,22,Serpent01,20,Serpent02,3,,,,,,,,,,,,,,,,
Ufo2,2050,0,229,95,0,60,47,750,3530,Ufo00,22,Ufo01,20,Ufo02,3,,,,,,,,,,,,,,,,
Fluff8,299,0,230,95,0,136,39,325,910,Fluff00,7,Fluff01,6,Fluff02,1,,,,,,,,,,,,,,,,
Burger2_Boss,4000,0,319,113,0,83,46,0,25040,Burger00,0,Burger01,50,Burger02,50,,,,,,,,,,,,,,,,
Cobra5,4230,0,302,119,0,95,46,0,15930,Cobra00,0,Cobra01,50,Cobra02,50,,,,,,,,,,,,,,,,
Lizardman3,4200,0,336,127,144,82,46,0,27310,Lizardman00,0,Lizardman01,50,Lizardman02,50,,,,,,,,,,,,,,,,
Painting6,3730,0,340,165,148,98,46,0,29590,Painting00,0,Painting01,50,Painting02,50,,,,,,,,,,,,,,,,
Puppet2,3650,0,344,128,110,90,46,0,20480,Puppet00,0,Puppet01,50,Puppet02,50,,,,,,,,,,,,,,,,
Tomato1,4100,0,330,109,160,99,46,0,18210,Tomato00,0,Tomato01,50,Tomato02,50,,,,,,,,,,,,,,,,
Mimit8,1000,0,300,200,0,144,50,0,0,Mimit00,0,Mimit01,50,Mimit02,50,,,,,,,,,,,,,,,,
Monitor2,815,0,265,145,158,95,47,420,2350,Monitor00,22,Monitor01,20,Monitor02,3,,,,,,,,,,,,,,,,
Nose2,1520,0,250,150,156,90,48,540,3170,Nose00,22,Nose01,20,Nose02,3,,,,,,,,,,,,,,,,
Skeleton2,1398,0,265,140,0,85,49,690,2940,Skeleton00,22,Skeleton01,20,Skeleton02,3,,,,,,,,,,,,,,,,
Crystal2,2444,0,280,200,0,80,50,720,3870,Crystal00,22,Crystal01,20,Crystal02,3,,,,,,,,,,,,,,,,
Robot3,2900,0,270,170,260,95,51,840,3640,Robot00,22,Robot01,20,Robot02,3,,,,,,,,,,,,,,,,
Mimit6,315,0,236,122,0,108,42,390,910,Mimit00,0,Mimit01,0,Mimit02,0,,,,,,,,,,,,,,,,
Medusa2,5200,0,296,145,155,95,49,0,25830,Medusa00,0,Medusa01,50,Medusa02,50,,,,,,,,,,,,,,,,
Owl5,4600,0,323,149,0,105,49,0,18780,Owl00,0,Owl01,50,Owl02,50,,,,,,,,,,,,,,,,
Robot5,5100,0,349,152,220,89,49,0,28180,Robot00,0,Robot01,50,Robot02,50,,,,,,,,,,,,,,,,
Rock6,4630,0,355,200,0,80,49,0,21130,Rock00,0,Rock01,50,Rock02,50,,,,,,,,,,,,,,,,
Satan3_Boss,5555,0,320,127,160,84,49,0,30520,Satan00,0,Satan01,50,Satan02,50,,,,,,,,,,,,,,,,
Snowman2,5300,0,365,129,0,91,49,0,23480,Snowman00,0,Snowman01,50,Snowman02,50,,,,,,,,,,,,,,,,
Harpy2,1000,0,250,181,0,120,50,595,2350,Harpy00,22,Harpy01,20,Harpy02,3,,,,,,,,,,,,,,,,
Excite1,1800,0,260,190,0,100,50,805,3170,Excite00,22,Excite01,20,Excite02,3,,,,,,,,,,,,,,,,
Excite2,2000,0,275,200,0,90,50,840,2940,Excite00,22,Excite01,20,Excite02,3,,,,,,,,,,,,,,,,
Burger2,2900,0,295,200,0,95,50,945,3870,Burger00,22,Burger01,20,Burger02,3,,,,,,,,,,,,,,,,
Satan3,3300,0,284,148,99,85,50,1015,3640,Satan00,22,Satan01,20,Satan02,3,,,,,,,,,,,,,,,,
Bread4,5650,0,378,165,0,110,50,0,16440,Bread00,0,Bread01,50,Bread02,50,,,,,,,,,,,,,,,,
Cerberus2,6500,0,363,156,180,85,50,0,25360,Cerberus00,0,Cerberus01,50,Cerberus02,50,,,,,,,,,,,,,,,,
Devil9,3000,0,288,170,175,92,50,0,18780,Devil00,0,Devil01,50,Devil02,50,,,,,,,,,,,,,,,,
Golem6,4250,0,385,325,0,86,50,0,28180,Golem00,0,Golem01,50,Golem02,50,,,,,,,,,,,,,,,,
Lizardman4,5300,0,375,175,166,98,50,0,20660,Lizardman00,0,Lizardman01,50,Lizardman02,50,,,,,,,,,,,,,,,,
Monitor5,5400,0,306,195,170,94,50,0,30520,Monitor00,0,Monitor01,50,Monitor02,50,,,,,,,,,,,,,,,,
Mouse6,5500,0,372,175,0,140,50,0,23950,Mouse00,0,Mouse01,50,Mouse02,50,,,,,,,,,,,,,,,,
Owl6,6050,0,375,160,0,122,50,0,26300,Owl00,0,Owl01,50,Owl02,50,,,,,,,,,,,,,,,,
Painting7,5800,0,338,192,100,105,50,0,24650,Painting00,0,Painting01,50,Painting02,50,,,,,,,,,,,,,,,,
Serpent1,6800,0,365,150,150,99,50,0,23010,Serpent00,0,Serpent01,50,Serpent02,50,,,,,,,,,,,,,,,,
Ufo5,5900,0,326,228,0,100,50,0,22310,Ufo00,0,Ufo01,50,Ufo02,50,,,,,,,,,,,,,,,,
Wind4,5850,0,355,195,0,135,50,0,21600,Wind00,0,Wind01,50,Wind02,50,,,,,,,,,,,,,,,,
Minotaur3,4700,0,230,108,75,60,26,0,5000,Minotaur00,0,Minotaur01,0,Minotaur02,100,,,,,,,,,,,,,,,,
Monitor3,5900,0,215,140,90,100,30,0,5000,Monitor00,0,Monitor01,0,Monitor02,100,,,,,,,,,,,,,,,,
Robot4,1000,0,170,94,140,60,30,0,1200,Robot00,0,Robot01,0,Robot02,100,,,,,,,,,,,,,,,,
Frog3,3400,0,220,85,95,62,53,0,5000,Frog00,33,Frog01,33,Frog02,34,,,,,,,,,,,,,,,,
Frog4,3900,0,210,100,105,73,33,0,5000,Frog00,33,Frog01,33,Frog02,34,,,,,,,,,,,,,,,,
Dragon3,6400,0,140,130,95,70,37,0,5000,Dragon00,0,Dragon01,0,Dragon02,100,,,,,,,,,,,,,,,,
Cerberus3,6500,0,265,125,115,95,42,0,5000,Cerberus00,0,Cerberus01,0,Cerberus02,100,,,,,,,,,,,,,,,,
IceQueen3,5500,0,255,145,115,99,45,0,5000,IceQueen00,0,IceQueen01,0,IceQueen02,100,,,,,,,,,,,,,,,,
Satan2,6200,0,270,128,110,110,45,0,5000,Satan00,0,Satan01,0,Satan02,100,,,,,,,,,,,,,,,,
SuperSatan0,9000,0,260,175,190,131,48,0,5000,Satan00,0,Satan01,0,Satan02,100,,,,,,,,,,,,,,,,
SuperSatanBit1,1000,0,300,150,10,120,50,0,680,Satan00,0,Satan01,0,Satan02,100,,,,,,,,,,,,,,,,
SuperSatanCenter1,13000,0,380,150,195,40,50,0,10000,Satan00,0,Satan01,0,Satan02,100,,,,,,,,,,,,,,,,
Goblin10,3000,0,280,99,50,100,40,100,1000,Goblin00,0,Goblin01,70,Goblin02,30,,,,,,,,,,,,,,,,
Goblin11,4500,0,480,99,50,100,40,100,2000,Goblin00,0,Goblin01,0,Goblin02,100,,,,,,,,,,,,,,,,
Golem10,4100,0,405,325,0,86,41,0,10000,Golem00,0,Golem01,0,Golem02,100,,,,,,,,,,,,,,,,
Pharaoh10,4500,0,290,95,0,50,42,0,3000,Pharaoh00,0,Pharaoh01,50,Pharaoh02,50,,,,,,,,,,,,,,,,
Serpent10,4600,0,262,94,160,70,43,0,10000,Serpent00,0,Serpent01,0,Serpent02,100,,,,,,,,,,,,,,,,
Burger10,4000,0,280,190,0,95,44,945,2500,Burger00,0,Burger01,60,Burger02,40,,,,,,,,,,,,,,,,
IceQueen10,4500,0,240,150,135,99,46,0,2500,IceQueen00,0,IceQueen01,0,IceQueen02,100,,,,,,,,,,,,,,,,
Devil10,5000,0,240,30,10000,110,47,680,5000,Devil00,0,Devil01,0,Devil02,100,,,,,,,,,,,,,,,,
Satan10,6500,0,270,140,100,85,48,0,5000,Satan00,0,Satan01,0,Satan02,100,,,,,,,,,,,,,,,,
SuperSatan10,8000,0,245,120,180,101,48,0,5000,Satan00,0,Satan01,0,Satan02,100,,,,,,,,,,,,,,,,
Mimit10,16000,0,370,178,178,121,50,1000,10000,Mimit00,0,Mimit01,0,Mimit02,0,,,,,,,,,,,,,,,,
Mimit11,2000,0,270,50,50,50,50,1000,1000,Mimit00,0,Mimit01,0,Mimit02,0,,,,,,,,,,,,,,,,
Shield10,,,,,,,,,,,,,,,,,,,,,,,,,,,,,,,
